"","Mean","Median","Mode","ESS","HDImass","HDIlow","HDIhigh","CompVal","PcntGtCompVal","ROPElow","ROPEhigh","PcntLtROPE","PcntInROPE","PcntGtROPE"
"mu",2.939682885,2.93768,2.89143112065606,19936.9,0.95,2.55254,3.32536,NA,NA,NA,NA,NA,NA,NA
"sigma",1.26728792025,1.25491,1.21204963641641,19693.2,0.95,0.893876,1.68846,NA,NA,NA,NA,NA,NA,NA
"nu",0.8695381688,0.859507,0.8292118915491,21597.2,0.95,0.621862,1.14821,NA,NA,NA,NA,NA,NA,NA
"log10(nu)",-0.0660006568985379,-0.0657505819942475,-0.0718285328293818,21704.4,0.95,-0.197652571204573,0.0663520195255113,NA,NA,NA,NA,NA,NA,NA
"effSz",2.37718473660403,2.34096696522308,2.31200015407671,19716.5,0.95,1.60782276705711,3.15086511299435,NA,NA,NA,NA,NA,NA,NA
