"","Mean","Median","Mode","ESS","HDImass","HDIlow","HDIhigh","CompVal","PcntGtCompVal","ROPElow","ROPEhigh","PcntLtROPE","PcntInROPE","PcntGtROPE"
"mu",2.7309069455,2.721285,2.70690178392525,18846.2,0.95,2.19257,3.30194,NA,NA,NA,NA,NA,NA,NA
"sigma",1.86238185955,1.84096,1.8210601295282,17787.7,0.95,1.18941,2.55774,NA,NA,NA,NA,NA,NA,NA
"nu",0.8767393583,0.863196,0.818558930714625,18862.9,0.95,0.600738,1.18566,NA,NA,NA,NA,NA,NA,NA
"log10(nu)",-0.0637334511794466,-0.0638905808184459,-0.0536805745775882,18960,0.95,-0.214922271339618,0.0783371712071622,NA,NA,NA,NA,NA,NA,NA
"median",0.8767393583,0.863196,0.818558930714625,18862.9,0.95,0.600738,1.18566,NA,NA,NA,NA,NA,NA,NA
"effSz",1.51232301222693,1.4858249777917,1.40131724760251,19191.4,0.95,0.990174510579395,2.11417067246322,NA,NA,NA,NA,NA,NA,NA
