"","Mean","Median","Mode","ESS","HDImass","HDIlow","HDIhigh","CompVal","PcntGtCompVal","ROPElow","ROPEhigh","PcntLtROPE","PcntInROPE","PcntGtROPE"
"mu",2.7327114515,2.72357,2.66701581668067,19485.3,0.95,2.20343,3.31876,NA,NA,NA,NA,NA,NA,NA
"sigma",1.86312135355,1.838145,1.729798436334,17896.9,0.95,1.22347,2.57512,NA,NA,NA,NA,NA,NA,NA
"nu",0.8758798574,0.86228,0.833014728828514,18930.9,0.95,0.595366,1.18839,NA,NA,NA,NA,NA,NA,NA
"log10(nu)",-0.0641502463575279,-0.0643516869629271,-0.0658205040447248,18981.4,0.95,-0.213356455240501,0.0831584878931618,NA,NA,NA,NA,NA,NA,NA
"effSz",1.51179190321626,1.48507744367785,1.45215610764055,19040.7,0.95,0.994357332963575,2.10375377142822,NA,NA,NA,NA,NA,NA,NA
