"","Mean","Median","Mode","ESS","HDImass","HDIlow","HDIhigh","CompVal","PcntGtCompVal","ROPElow","ROPEhigh","PcntLtROPE","PcntInROPE","PcntGtROPE"
"mu",77.633660405265,77.24885,79.953722241564,17934.4,0.95,-3.24637,162.96,NA,NA,NA,NA,NA,NA,NA
"sigma",288.85873195,286.1975,280.813998948126,18978.1,0.95,211.386,366.636,NA,NA,NA,NA,NA,NA,NA
"nu",1.4766582862,1.44803,1.3863859749775,19486.7,0.95,0.978392,2.07119,NA,NA,NA,NA,NA,NA,NA
"log10(nu)",0.161254043376883,0.160777559571415,0.16298822262687,20000,0.95,-0.00239215567612247,0.321461721130817,NA,NA,NA,NA,NA,NA,NA
"effSz",0.271934397281537,0.269053175427756,0.288023347920001,18025.8,0.95,-0.0121572320403791,0.580268923983156,NA,NA,NA,NA,NA,NA,NA
