"","Mean","Median","Mode","ESS","HDImass","HDIlow","HDIhigh","CompVal","PcntGtCompVal","ROPElow","ROPEhigh","PcntLtROPE","PcntInROPE","PcntGtROPE"
"mu",84.762255618832,85.0668,88.2576005488679,20000,0.95,2.86345,168.744,NA,NA,NA,NA,NA,NA,NA
"sigma",319.9097125,317.289,315.836623970066,17430.6,0.95,235.887,405.347,NA,NA,NA,NA,NA,NA,NA
"nu",2.56091812185,2.42611,2.18885720262603,15861.7,0.95,1.2888,4.08046,NA,NA,NA,NA,NA,NA,NA
"log10(nu)",0.390369941030041,0.384910487919668,0.381157485576619,16951.9,0.95,0.152169049938392,0.634067973966228,NA,NA,NA,NA,NA,NA,NA
"effSz",0.268145877373624,0.267506531693117,0.2831293111816,20000,0.95,0.00697131463444155,0.541894142197677,NA,NA,NA,NA,NA,NA,NA
